Parameter,Best,RSE
Epoch,196,0.12965305149555206
CNN,790,0.07425262033939362
RNN,66,0.15283849835395813
Skip,1,0.07582387328147888
Activator,{'activation_type': 2},0.6129538416862488
Kernel,10,0.0893770083785057
