Parameter,Best,RSE
Epoch,181,0.031605277210474014
CNN,223,0.08890961855649948
RNN,50,0.05814683809876442
Skip,4,0.07586822658777237
Activator,{'activation_type': 0},0.04827965423464775
Kernel,10,0.1341266930103302
