Parameter,Best,RSE
Epoch,185,0.05393256992101669
CNN,58,0.05880336835980415
RNN,768,0.09438774734735489
Skip,5,0.11352495104074478
Activator,{'activation_type': 2},0.6129538416862488
Kernel,18,0.04599291831254959
