Parameter,Best,RSE
Epoch,117,0.0571209080517292
CNN,792,0.06988362222909927
RNN,704,0.08428860455751419
Skip,4,0.05739721655845642
Activator,{'activation_type': 1},0.1245160847902298
