Parameter,Best,RSE
Epoch,131,0.1273409128189087
CNN,386,0.06932780891656876
RNN,415,0.07122347503900528
Skip,7,0.08331191539764404
Activator,{'activation_type': 3},0.09811434894800186
