Parameter,Best,RSE
Epoch,193,0.06607570499181747
CNN,621,0.36033108830451965
RNN,144,0.5202968120574951
Skip,1,0.3840746283531189
Activator,{'activation_type': 1},0.329166978597641
