Parameter,Best,RSE
Epoch,1,0.32335153222084045
CNN,1,0.10715289413928986
Kernel,1,0.11946048587560654
