Parameter,Best,RSE
Epoch,154,0.03543918952345848
CNN,537,0.042396366596221924
RNN,379,0.043859682977199554
Skip,4,0.04538014903664589
Activator,{'activation_type': 0},0.04025162756443024
