Parameter,Best,RSE
Epoch,102,0.05556296929717064
CNN,601,0.14996735751628876
Kernel,16,0.15407763421535492
