Parameter,Best,RSE
Epoch,138,0.295810341835022
CNN,791,10.321159362792969
RNN,275,9.21604061126709
Skip,3,9.122220039367676
Activator,{'activation_type': 2},0.6129538416862488
Kernel,28,0.6203603148460388
