Parameter,Best,RSE
Epoch,134,0.027842123061418533
CNN,397,0.04009469598531723
RNN,381,0.06615366786718369
Skip,8,0.041317541152238846
Activator,{'activation_type': 3},0.044035281985998154
